{"stats":{"minecraft:custom":{"minecraft:mob_kills":14,"minecraft:interact_with_crafting_table":17,"minecraft:open_barrel":1,"minecraft:leave_game":4,"minecraft:time_since_death":11638,"minecraft:climb_one_cm":11124,"minecraft:sprint_one_cm":663320,"minecraft:walk_one_cm":378188,"minecraft:drop":45,"minecraft:talked_to_villager":1,"minecraft:play_time":130795,"minecraft:deaths":4,"minecraft:sneak_time":105,"minecraft:walk_under_water_one_cm":4275,"minecraft:boat_one_cm":135718,"minecraft:jump":768,"minecraft:walk_on_water_one_cm":6915,"minecraft:total_world_time":130795,"minecraft:interact_with_furnace":3,"minecraft:sleep_in_bed":7,"minecraft:time_since_rest":10399,"minecraft:damage_taken":2444,"minecraft:trigger_trapped_chest":1,"minecraft:damage_dealt":5873,"minecraft:swim_one_cm":10481,"minecraft:fly_one_cm":134605,"minecraft:open_chest":38,"minecraft:crouch_one_cm":733,"minecraft:fall_one_cm":18130},"minecraft:killed_by":{"boh:rake":1,"minecraft:player":1,"minecraft:skeleton":1,"greekfantasy:minotaur":1},"minecraft:mined":{"minecraft:spruce_planks":3,"minecraft:oak_door":1,"minecraft:grass_block":3,"minecraft:yellow_carpet":10,"minecraft:spruce_leaves":4,"minecraft:hay_block":18,"minecraft:iron_ore":3,"minecraft:bookshelf":3,"minecraft:water_cauldron":1,"minecraft:deepslate_iron_ore":2,"minecraft:oak_stairs":2,"minecraft:stripped_oak_log":2,"minecraft:stone":70,"minecraft:oak_slab":6,"minecraft:crafting_table":2,"minecraft:torch":8,"minecraft:jungle_stairs":1,"minecraft:chest":1,"minecraft:rose_bush":9,"minecraft:cyan_bed":6,"minecraft:oak_planks":4,"minecraft:wall_torch":17,"minecraft:lapis_block":6,"minecraft:sweet_berry_bush":2,"minecraft:spruce_log":90,"minecraft:light_gray_wool":18,"minecraft:oak_log":1,"minecraft:sand":20,"minecraft:dirt":8,"minecraft:cobweb":5},"minecraft:dropped":{"usefulbackpacks:backpack_medium":1,"minecraft:leather":16,"born_in_chaos_v1:nightmare_claw":1,"greekfantasy:golden_string":1,"minecraft:dirt":2,"immersive_armors:wooden_leggings":1,"minecraft:rose_bush":9,"minecraft:iron_axe":1,"immersive_armors:wooden_chestplate":1,"greekfantasy:pinecone":10,"minecraft:string":5,"minecraft:spruce_sapling":10,"minecraft:oak_door":2,"usefulbackpacks:backpack_large":1,"minecraft:stone_axe":1,"minecraft:spyglass":1,"minecraft:stone_sword":1,"greekfantasy:flint_knife":1,"immersive_armors:wooden_boots":1,"greekfantasy:horn":9,"born_in_chaos_v1:ethereal_spirit":2,"minecraft:poppy":2,"minecraft:spruce_boat":1,"born_in_chaos_v1:seedof_chaos":1,"minecraft:spruce_planks":14,"minecraft:stone_pickaxe":1,"immersive_armors:wooden_helmet":1},"minecraft:used":{"greekfantasy:wooden_spear":41,"minecraft:stone_sword":120,"minecraft:spruce_planks":12,"minecraft:chest":1,"minecraft:torch":15,"minecraft:dirt":10,"minecraft:spyglass":13,"minecraft:spruce_boat":3,"minecraft:iron_axe":37,"minecraft:oak_stairs":2,"greekfantasy:flint_knife":15,"minecraft:stone_pickaxe":52,"minecraft:baked_potato":4,"minecraft:oak_planks":1,"minecraft:wooden_pickaxe":39,"minecraft:sand":21,"minecraft:oak_slab":4,"minecraft:crafting_table":1,"minecraft:apple":1,"minecraft:cyan_bed":7,"minecraft:bread":37,"minecraft:stone_axe":144,"minecraft:cobblestone":11,"alexsmobs:animal_dictionary":1,"minecraft:stripped_oak_log":1},"minecraft:killed":{"creeperoverhaul:snowy_creeper":2,"minecraft:skeleton":1,"alexsmobs:skelewag":1,"minecraft:iron_golem":2,"greekfantasy:minotaur":6,"born_in_chaos_v1:nightmare_stalker":1},"minecraft:broken":{"minecraft:stone_axe":1},"minecraft:crafted":{"immersive_armors:wooden_chestplate":2,"minecraft:iron_axe":2,"minecraft:stone_pickaxe":2,"usefulbackpacks:backpack_medium":1,"immersive_armors:wooden_helmet":2,"minecraft:spruce_boat":1,"minecraft:crafting_table":1,"minecraft:spruce_planks":248,"minecraft:wooden_pickaxe":1,"immersive_armors:wooden_leggings":2,"minecraft:stone_axe":2,"immersive_armors:wooden_boots":2,"minecraft:stick":12,"minecraft:stone_sword":2,"minecraft:torch":4},"minecraft:picked_up":{"minecraft:crafting_table":1,"born_in_chaos_v1:seedof_chaos":1,"minecraft:oak_stairs":2,"usefulbackpacks:backpack_medium":1,"minecraft:shield":1,"greekfantasy:horn":9,"minecraft:lapis_block":6,"minecraft:string":5,"minecraft:red_bed":1,"usefulbackpacks:backpack_small":1,"minecraft:spruce_planks":11,"minecraft:rose_bush":9,"minecraft:poppy":2,"minecraft:light_gray_wool":17,"minecraft:chest":1,"greekfantasy:pinecone":10,"minecraft:stick":12,"minecraft:raw_iron":5,"minecraft:oak_door":3,"minecraft:torch":37,"born_in_chaos_v1:nightmare_claw":1,"greekfantasy:wooden_spear":1,"minecraft:cauldron":1,"greekfantasy:flint_knife":1,"minecraft:jungle_stairs":1,"minecraft:hay_block":18,"minecraft:mutton":6,"minecraft:white_wool":5,"minecraft:cobblestone":70,"minecraft:stripped_oak_log":1,"minecraft:feather":2,"minecraft:leather":17,"minecraft:filled_map":1,"minecraft:oak_log":2,"minecraft:cobblestone_stairs":1,"minecraft:dirt":12,"minecraft:bone":2,"minecraft:apple":1,"minecraft:iron_ingot":9,"minecraft:oak_planks":4,"minecraft:book":6,"minecraft:oak_slab":6,"minecraft:sweet_berries":5,"minecraft:pumpkin":1,"born_in_chaos_v1:ethereal_spirit":2,"greekfantasy:dragon_tooth":1,"minecraft:sand":21,"minecraft:spruce_sapling":15,"minecraft:soul_torch":1,"minecraft:spruce_log":115,"minecraft:cyan_bed":7,"usefulbackpacks:backpack_large":1,"minecraft:yellow_carpet":11,"minecraft:spruce_boat":4,"minecraft:golden_apple":1,"minecraft:gray_wool":1,"minecraft:bread":11}},"DataVersion":3120}