{"stats":{"minecraft:killed_by":{"greekfantasy:minotaur":2},"minecraft:custom":{"minecraft:mob_kills":28,"minecraft:interact_with_crafting_table":11,"minecraft:open_barrel":2,"minecraft:leave_game":4,"minecraft:time_since_death":39333,"minecraft:climb_one_cm":16607,"minecraft:sprint_one_cm":335747,"minecraft:walk_one_cm":489078,"minecraft:drop":43,"minecraft:talked_to_villager":4,"minecraft:play_time":137446,"minecraft:deaths":3,"minecraft:sneak_time":1198,"minecraft:walk_under_water_one_cm":7529,"minecraft:boat_one_cm":94878,"minecraft:jump":951,"minecraft:walk_on_water_one_cm":16223,"minecraft:total_world_time":137446,"minecraft:interact_with_furnace":2,"minecraft:interact_with_grindstone":1,"minecraft:interact_with_stonecutter":2,"minecraft:sleep_in_bed":6,"minecraft:time_since_rest":13103,"minecraft:damage_taken":3302,"minecraft:trigger_trapped_chest":1,"minecraft:damage_dealt":6493,"minecraft:swim_one_cm":44544,"minecraft:fly_one_cm":202156,"minecraft:player_kills":1,"minecraft:open_chest":46,"minecraft:crouch_one_cm":994,"minecraft:fall_one_cm":28300},"minecraft:mined":{"minecraft:spruce_planks":3,"minecraft:oak_door":1,"minecraft:cobblestone_stairs":1,"minecraft:jack_o_lantern":2,"minecraft:potted_cactus":1,"minecraft:grass_block":4,"minecraft:yellow_carpet":4,"minecraft:spruce_leaves":2,"minecraft:spawner":1,"minecraft:pumpkin":11,"chococraft:gysahl_green":3,"minecraft:bookshelf":19,"minecraft:cobblestone_slab":1,"minecraft:oak_stairs":7,"minecraft:iron_bars":3,"minecraft:lantern":1,"minecraft:stone":1,"minecraft:white_wool":13,"minecraft:oak_slab":4,"minecraft:red_bed":2,"minecraft:dandelion":2,"minecraft:oak_fence":1,"minecraft:crafting_table":6,"minecraft:torch":1,"minecraft:poppy":4,"minecraft:chest":2,"minecraft:rose_bush":6,"minecraft:copper_ore":2,"minecraft:cyan_bed":9,"minecraft:wall_torch":2,"greekfantasy:limestone":6,"minecraft:coarse_dirt":1,"minecraft:ice":5,"minecraft:spruce_log":48,"minecraft:light_gray_wool":1,"minecraft:oak_log":6,"minecraft:sand":25,"minecraft:dirt":7,"minecraft:gray_carpet":3,"minecraft:fern":2},"minecraft:used":{"minecraft:jack_o_lantern":1,"minecraft:rose_bush":3,"minecraft:stone_sword":2,"minecraft:ladder":6,"minecraft:chest":4,"minecraft:spruce_planks":29,"minecraft:oak_door":1,"minecraft:torch":8,"minecraft:dirt":2,"minecraft:spyglass":1,"minecraft:spruce_boat":3,"minecraft:iron_axe":77,"minecraft:oak_stairs":2,"minecraft:dark_oak_sapling":1,"minecraft:stone_pickaxe":22,"minecraft:gray_carpet":2,"minecraft:oak_planks":2,"minecraft:sand":18,"minecraft:oak_slab":1,"minecraft:crafting_table":5,"greekfantasy:iron_spear":100,"minecraft:spruce_log":2,"minecraft:oak_log":1,"minecraft:bread":50,"minecraft:cyan_bed":8,"minecraft:stone_axe":97,"alexsmobs:animal_dictionary":3,"minecraft:soul_torch":1},"minecraft:dropped":{"minecraft:bread":11,"minecraft:feather":4,"greekfantasy:dragon_tooth":1,"minecraft:leather":12,"minecraft:dirt":3,"minecraft:gray_wool":1,"usefulbackpacks:backpack_small":1,"minecraft:oak_stairs":5,"minecraft:sand":21,"greekfantasy:pinecone":3,"minecraft:white_wool":1,"minecraft:spruce_sapling":9,"usefulbackpacks:backpack_large":1,"greekfantasy:wooden_spear":1,"greekfantasy:flint_knife":1,"greekfantasy:horn":9,"minecraft:filled_map":1,"minecraft:shield":1,"minecraft:spruce_planks":8,"minecraft:spruce_log":44,"minecraft:iron_bars":2,"minecraft:cyan_bed":2},"minecraft:killed":{"greekfantasy:shade":2,"born_in_chaos_v1:restless_spirit":1,"humancompanions:arbalist":1,"minecraft:skeleton":3,"greekfantasy:harpy":1,"humancompanions:axeguard":1,"boh:rake":1,"minecraft:iron_golem":2,"greekfantasy:minotaur":7,"minecraft:sheep":9},"minecraft:broken":{"minecraft:stone_axe":1},"minecraft:crafted":{"usefulbackpacks:backpack_small":2,"minecraft:ladder":12,"minecraft:chest":2,"usefulbackpacks:backpack_medium":1,"minecraft:spruce_planks":32,"minecraft:pumpkin_seeds":40,"minecraft:shield":2,"minecraft:stick":32,"usefulbackpacks:backpack_large":1,"minecraft:iron_pickaxe":2},"minecraft:picked_up":{"minecraft:crafting_table":7,"minecraft:coarse_dirt":1,"minecraft:chainmail_boots":1,"minecraft:flower_pot":1,"born_in_chaos_v1:seedof_chaos":1,"minecraft:oak_stairs":12,"greekfantasy:horn":16,"minecraft:string":5,"minecraft:red_bed":1,"minecraft:iron_axe":2,"minecraft:raw_copper":7,"greekfantasy:limestone":6,"minecraft:spruce_planks":40,"minecraft:cobblestone_slab":2,"immersive_armors:wooden_leggings":1,"minecraft:rose_bush":15,"minecraft:poppy":8,"minecraft:light_gray_wool":2,"minecraft:chest":2,"greekfantasy:pinecone":3,"minecraft:dark_oak_sapling":1,"minecraft:stick":9,"minecraft:oak_door":2,"minecraft:oak_fence":1,"minecraft:torch":8,"born_in_chaos_v1:nightmare_claw":1,"greekfantasy:flint_knife":1,"minecraft:arrow":6,"immersive_armors:wooden_helmet":1,"minecraft:stone_sword":1,"minecraft:cactus":1,"minecraft:mutton":15,"minecraft:iron_bars":3,"minecraft:white_wool":21,"minecraft:cobblestone":1,"minecraft:stripped_oak_log":1,"minecraft:feather":7,"minecraft:leather":26,"minecraft:oak_log":5,"minecraft:chainmail_chestplate":1,"minecraft:dirt":12,"minecraft:leather_boots":1,"minecraft:cooked_mutton":4,"minecraft:bone":7,"chococraft:gysahl_green":9,"minecraft:gray_carpet":3,"minecraft:stone_pickaxe":1,"minecraft:iron_ingot":6,"greekfantasy:golden_string":1,"minecraft:oak_planks":3,"minecraft:oak_slab":9,"minecraft:book":60,"minecraft:pumpkin":10,"born_in_chaos_v1:ethereal_spirit":2,"minecraft:dandelion":2,"minecraft:spyglass":1,"minecraft:sand":39,"minecraft:spruce_sapling":9,"chococraft:gysahl_green_seeds":3,"minecraft:soul_torch":1,"minecraft:ink_sac":5,"minecraft:spruce_log":54,"minecraft:cyan_bed":10,"usefulbackpacks:backpack_large":1,"minecraft:yellow_carpet":3,"minecraft:stone_axe":1,"minecraft:spruce_boat":3,"minecraft:chainmail_leggings":1,"immersive_armors:wooden_chestplate":1,"minecraft:crossbow":1,"knight_quest:kq_great_essence":1,"minecraft:gray_wool":1,"minecraft:chainmail_helmet":2,"minecraft:jack_o_lantern":2,"minecraft:black_wool":1,"immersive_armors:wooden_boots":1}},"DataVersion":3120}